{ 
  "task": "pain_threshold",
  "seed": 42,
  "n_channels": 64,
  "n_time": 1001,
  "n_classes": 2,
  "class_names": [
    "no_significant_pain",
    "significant_pain"
  ],
  "grid_search": false,
  "results": {
    "accuracy": 0.7460644099187159,
    "balanced_accuracy": 0.7277668791129213,
    "f1_macro": 0.7303105558776162,
    "f1_weighted": 0.74434751479972,
    "precision_per_class": [
      0.7789678675754625,
      0.689063817824009
    ],
    "recall_per_class": [
      0.8127328140873687,
      0.6428009441384737
    ],
    "f1_per_class": [
      0.7954922108054359,
      0.6651289009497965
    ],
    "support_per_class": [
      11812,
      7626
    ],
    "report": "                     precision    recall  f1-score   support\n\nno_significant_pain       0.78      0.81      0.80     11812\n   significant_pain       0.69      0.64      0.67      7626\n\n           accuracy                           0.75     19438\n          macro avg       0.73      0.73      0.73     19438\n       weighted avg       0.74      0.75      0.74     19438\n",
    "confusion_matrix": [
      [
        9600,
        2212
      ],
      [
        2724,
        4902
      ]
    ],
    "class_names": [
      "no_significant_pain",
      "significant_pain"
    ],
    "mean_confidence": 0.7538564205169678,
    "std_confidence": 0.16589374840259552,
    "per_window_metrics": {
      "baseline": {
        "accuracy": 0.6478395061728395,
        "f1_macro": 0.6284582914572865,
        "n_samples": 6480
      },
      "erp": {
        "accuracy": 0.7891649945979318,
        "f1_macro": 0.7724703872360056,
        "n_samples": 6479
      },
      "post": {
        "accuracy": 0.8012038894891187,
        "f1_macro": 0.7905229581129858,
        "n_samples": 6479
      }
    },
    "training_info": {
      "best_epoch": 27,
      "best_val_loss": 0.5017322363412898,
      "best_val_acc": 0.7442592277598231,
      "best_val_f1": 0.7269924883817801,
      "total_epochs": 30,
      "early_stopped": false
    },
    "grid_best_f1": null,
    "best_hyperparameters": {
      "cnn_filters": [
        32,
        64,
        128
      ],
      "lstm_hidden": 192,
      "lstm_layers": 2,
      "window_embed_dim": 16,
      "dropout": 0.4,
      "lr": 0.0005,
      "weight_decay": 1e-05,
      "batch_size": 64
    }
  }
}
